KR817179,Gueckedou
KR817180,Gueckedou
KR817181,Gueckedou
KR817182,Gueckedou
KR817183,Gueckedou
KR817184,Gueckedou
KR817185,Gueckedou
KR817186,Macenta
KR817187,Macenta
KR817188,Macenta
KR817189,Macenta
KR817190,Gueckedou
KR817191,Macenta
KR817192,Gueckedou
KR817193,Kissidougou
KR817195,Macenta
KR817196,Gueckedou
KR817197,Gueckedou
KR817198,Gueckedou
KR817199,Gueckedou
KR817200,Gueckedou
KR817201,Gueckedou
KR817202,Gueckedou
KR817203,Gueckedou
KR817204,Gueckedou
KR817205,Gueckedou
KR817206,Gueckedou
KR817207,Gueckedou
KR817208,Gueckedou
KR817209,Gueckedou
KR817210,Gueckedou
KR817211,Gueckedou
KR817212,Gueckedou
KR817213,Gueckedou
KR817214,Gueckedou
KR817215,Gueckedou
KR817216,Gueckedou
KR817217,Gueckedou
KJ660348,Gueckedou
KJ660347,Gueckedou
KJ660346,Kissidougou
KM034550,Kailahun
KM034551,Kailahun
KM034552,Kailahun
KM034553,Kailahun
KM034554,Kailahun
KM034556,Kailahun
KM034558,Kailahun
KM034559,Kailahun
KM034560,Kailahun
