KR817108,Lofa
KR817109,Lofa
KR817110,Lofa
KR817111,Lofa
KR817112,Lofa
KR817113,Gueckedou
KR817179,Gueckedou
KR817180,Gueckedou
KR817181,Gueckedou
KR817182,Gueckedou
KR817183,Gueckedou
KR817184,Gueckedou
KR817185,Gueckedou
KR817186,Macenta
KR817187,Macenta
KR817188,Macenta
KR817189,Macenta
KR817190,Gueckedou
KR817191,Macenta
KR817192,Gueckedou
KR817193,Kissidougou
KR817195,Macenta
KR817196,Gueckedou
KR817197,Gueckedou
KR817198,Gueckedou
KR817199,Gueckedou
KR817200,Gueckedou
KR817201,Gueckedou
KR817202,Gueckedou
KR817203,Gueckedou
KR817204,Gueckedou
KR817205,Gueckedou
KR817206,Gueckedou
KR817207,Gueckedou
KR817208,Gueckedou
KR817209,Gueckedou
KR817210,Gueckedou
KR817211,Gueckedou
KR817212,Gueckedou
KR817213,Gueckedou
KR817214,Gueckedou
KR817215,Gueckedou
KR817216,Gueckedou
KR817217,Gueckedou
KR817218,Gueckedou
KR817219,Gueckedou
KR817220,Gueckedou
KR817221,Gueckedou
KR817222,Gueckedou
KR817223,Gueckedou
KR817224,Gueckedou
KR817225,Gueckedou
KR817226,Gueckedou
KR817227,Kailahun
KR817228,Kailahun
KR817229,Kailahun
KR817230,Gueckedou
KR817231,Lofa
KR817235,Gueckedou
KR817236,Kailahun
KR817237,Gueckedou
KR817238,Kailahun
KR817242,Gueckedou
KR817243,Lofa
KR817244,Kailahun
KJ660348,Gueckedou
KJ660347,Gueckedou
KJ660346,Kissidougou
KM034550,Kailahun
KM034551,Kailahun
KM034552,Kailahun
KM233035,Kailahun
KM233036,Kailahun
KM233037,Kailahun
KM233038,Kailahun
KM233039,Kailahun
KM233040,Kailahun
KM233041,Kailahun
KM233042,Kailahun
KM233043,Kailahun
KM233044,Kailahun
KM233045,Kailahun
KM034553,Kailahun
KM034554,Kailahun
KM034556,Kailahun
KM034558,Kailahun
KM034559,Kailahun
KM034560,Kailahun
KM034561,Kailahun
KM034562,Kailahun
KM034563,Kailahun
KM233049,Kailahun
KM233050,Kailahun
KM233053,Kailahun
KM233054,Kailahun
KM233055,Kailahun
KM233056,Kailahun
KM233058,Kailahun
KM233061,Kailahun
KM233062,Kailahun
KM233064,Kailahun
KM233065,Kailahun
KM233069,Kailahun
KM233071,Kailahun
KM233072,Kailahun
KM233073,Kailahun
KM233074,Kailahun
KM233075,Kailahun
KM233076,Kailahun
KM233077,Kailahun
KM233078,Kailahun
KM233079,Kailahun
KM233080,Kailahun
KM233081,Kailahun
KM233082,Kailahun
KM233084,Kailahun
KM233085,Kailahun
KM233086,Kailahun
KM233087,Kailahun
KM233089,Kailahun
KM233090,Kailahun
KM233091,Kailahun
KM233092,Kailahun
KM233093,Kailahun
KM233094,Kailahun
KM233095,Kailahun
KM233096,Kailahun
KM233097,Kailahun
KM233098,Kailahun
KM233100,Kailahun
KM233101,Kailahun
KM233102,Kailahun
KM233103,Kailahun
KM233104,Kailahun
KM233105,Kailahun
KM233106,Kailahun
KM233107,Bo
KM233108,Kailahun
KM233109,Kailahun
KM233110,Kailahun
KM233111,Kailahun
KM233112,Kenema
KM233113,Kenema
KM233115,Kailahun
KM233116,Kambia
KR105200,Kailahun
KR105201,Kenema
KR105202,Kenema
KR105203,Kenema
KR105204,Kenema
KR105205,Kenema
KR105206,Kenema
KR105207,Kenema
KR105208,Kailahun
KR105211,Kailahun
KR105213,Kenema
KR105214,Kailahun
KR105215,Kenema
KR105216,Kailahun
KR105217,Kenema
KR105218,Bo
KR105220,Kailahun
KR105221,Kailahun
KR105222,Kailahun
KR105223,Kailahun
KR105224,Kailahun
KR105225,Kailahun
KR105226,Kailahun
KR105227,Kenema
KR105228,Kenema
KR105229,Kailahun
KR105230,PortLoko
KR105231,Kenema
KR105232,Kenema
KR105233,Kenema
KR105234,Kenema
KR105235,Kailahun
KR105236,Kailahun
KR105237,Kenema
KR105238,Kailahun
KR105239,Kenema
KR105240,Kenema
KR105241,Kenema
KR105242,Kenema
KR105243,Kenema
KR105244,Kenema
KR105245,Kenema
KR105246,Kono
KR105247,Kenema
KR105248,Bo
KR105249,Kenema
KR105250,Kenema
KR105251,Kailahun
KR105252,Kailahun
KR105253,Bo
KR105254,Kailahun
KR105255,Kenema
KR105256,Kenema
KR105257,Kenema
KR105258,Kailahun
